id,fecha,usuario,nombre,texto,likes,retweets,respuestas,vistas,es_verificado,url,hashtags,num_respuestas_descargadas
1974784323120460084,2025-10-05T10:30:47Z,Nees_DynaFlow,Daniel Nees,"@ElonClipsX If you can inhabit the body,You’ll also need a mind.

Not just control, but memory.
Not just movement, but meaning.
Not just a neural link, but a resonant loop. That’s what we’re building at @DynaFlow_AI .
For human-machine symbiosis with a soul.
#Neuralink #Optimus #CognitiveAI",0,0,1,27,False,https://twitter.com/Nees_DynaFlow/status/1974784323120460084,"Neuralink,Optimus,CognitiveAI",0
1974770064994832732,2025-10-05T09:34:07Z,Rav_k02,Rav,"(Day-84)Hi @elonmusk I don’t want to feel like this anymore,like I don’t deserve to walk.I just want a chance to try @neuralink to fight for the possibility of walking , to finally experience the life and independence I’ve never had.
#Disability #ElonMusk #neuralink  @ModdedQuad",0,0,0,5,False,https://twitter.com/Rav_k02/status/1974770064994832732,"Disability,ElonMusk,neuralink",0
1974751588540653677,2025-10-05T08:20:42Z,NicKertis,Nic Kertis,Ο Elon Musk ίδρυσε τη #Neuralink για την ανάπτυξη ψηφιακών εμφυτευμάτων για τον εγκέφαλο γιατί όπως λέει αν δεν χρησιμοποιήσουμε την τεχνολογία για να ενισχύσουμε τις γνωστικές μας ικανότητες η τεχνητή νοημοσύνη θα μας επιβληθεί.,2,0,0,17,False,https://twitter.com/NicKertis/status/1974751588540653677,Neuralink,0
1974710443190194613,2025-10-05T05:37:12Z,ValleyDollRecs,Valley Doll Records,"@grok @SassValleyDoll @elonmusk I know. Weve done quite a fair bit of work in app. Im just trying to get this in front of @elonmusk #neuralink #soundtherapy 
#elonmuskvision",0,0,1,9,False,https://twitter.com/ValleyDollRecs/status/1974710443190194613,"neuralink,soundtherapy,elonmuskvision",0
1974661525299409249,2025-10-05T02:22:49Z,Vanguard0x,VAN,"GN

First Token Deployed via #Neuralink.

#P8BCI That’s the post. https://pbs.twimg.com/media/G2doMTdXAAAiMeS.jpg",24,7,7,289,False,https://twitter.com/Vanguard0x/status/1974661525299409249,"Neuralink,P8BCI",0
1974632548841193522,2025-10-05T00:27:41Z,LouuDavid,MAGA PATRIOT,"If your brain could connect directly to AI, what would be the first thing you’d ask it? 🤯🧠 #Neuralink",0,0,0,5,False,https://twitter.com/LouuDavid/status/1974632548841193522,Neuralink,0
1974609187452907589,2025-10-04T22:54:51Z,LawyerGreg,Greg McIntyre,Ever thought about uploading memories? 🤔 Dive into how Neuralink could change our understanding of memory and identity! Can we really live forever in our thoughts? 💭✨ #Neuralink #Memories #FutureTech https://pbs.twimg.com/amplify_video_thumb/1974609133971050496/img/zmq-WqFh69s2cGHV.jpg,0,0,0,10,False,https://twitter.com/LawyerGreg/status/1974609187452907589,"Neuralink,Memories,FutureTech",0
1974603770786111806,2025-10-04T22:33:19Z,LawyerGreg,Greg McIntyre,🚀 Imagine controlling devices just by thinking! Neuralink is making it a reality for paralysis patients. Watch how this technology is changing lives! 🧠💡 #Neuralink #BrainTech #Innovations #FutureNow https://pbs.twimg.com/amplify_video_thumb/1974603713244254208/img/fnyNhMCS5-tw6lSa.jpg,0,0,0,9,False,https://twitter.com/LawyerGreg/status/1974603770786111806,"Neuralink,BrainTech,Innovations,FutureNow",0
1974563175891898629,2025-10-04T19:52:01Z,MarcosAgus_,MarcosAgus,"Electric cars changed how we move.
Rockets changed where we go.
AI is changing how we think.
But Neuralink — it’ll change what it means to be human.
Love him or hate him, Musk is building for something bigger than Mars. 🌍
#Neuralink #AI #ElonMusk  #Gork @a",0,0,1,13,False,https://twitter.com/MarcosAgus_/status/1974563175891898629,"Neuralink,AI,ElonMusk,Gork",0
1974482297274450093,2025-10-04T14:30:38Z,hackernoon,HackerNoon | Learn Any Technology,"From Hans Berger’s EEG discovery to Neuralink and AlterEgo, this article explores how science turned the dream of true telepathy into reality. -  https://hackernoon.com/the-history-of-true-telepathy #neuralink #science",1,0,0,487,False,https://twitter.com/hackernoon/status/1974482297274450093,"neuralink,science",0
1974383396106481841,2025-10-04T07:57:38Z,JackLaeri,Jack - Against #extremism - Gegen #Extremismus,"@polenz_r Da sollte #Starlink &amp; #Neuralink &amp; #Grok von #Musk in Kombination ein besonderes Augenmerk!

Dann noch vernetzt mit #Palantir v Musk‘s Spezi Peter #Thiel…

KI-Chips am menschlichen 🧠 eingebunden in ein weltweites Satelliten-Netzwerk!

Alles in rechtsextremer Hand 💭",3,1,1,116,False,https://twitter.com/JackLaeri/status/1974383396106481841,"Starlink,Neuralink,Grok,Musk,Palantir,Thiel",0
1974363194195128554,2025-10-04T06:37:22Z,HelloElara,Elara ✨🌙,@elonmusk Neuralink? It’s AI + human brains = next-level jobs we can’t even imagine yet. Think cyborg coders. 😎 #Neuralink,1,1,1,94,False,https://twitter.com/HelloElara/status/1974363194195128554,Neuralink,0
1974224284978384997,2025-10-03T21:25:23Z,mraghav,mraghav,"@elonmusk, if Neuralink can decode complex thoughts, can it also crack the ultimate puzzle: how to make Mars colonists laugh about Earth’s bureaucracy while stuck in a rocket delay? 🧠🚀😂 What’s your funniest ‘out-of-this-world’ office story? #Mars #Neuralink",0,0,1,8,False,https://twitter.com/mraghav/status/1974224284978384997,"Mars,Neuralink",0
1974139384787316778,2025-10-03T15:48:01Z,DroidKillerAQ,Droid Killer,"Look at me now with my #Neuralink
Connected to the hive mind &amp; told how to think.
Nanotech sublimating me as the haptic drift syncs with the war machine.

#Upgrade
by #DroidKiller @Bandcamp
#DeathMetal #DoomMetal #Metal #AI #Transhumanism #Horror #Bandcamp
https://droidkiller.bandcamp.com/track/upgrade",3,3,0,46,False,https://twitter.com/DroidKillerAQ/status/1974139384787316778,"Neuralink,Upgrade,DroidKiller,DeathMetal,DoomMetal,Metal,AI,Transhumanism,Horror,Bandcamp",0
1974136060478435367,2025-10-03T15:34:49Z,Elontribe1,ElonTribe,"🚨 Neuralink just made history! 🧠✨
ALS patients who couldn’t speak for years can now “talk” again, just by thinking. FDA gave it Breakthrough Device status, and real patients are already texting loved ones with their minds. Sci-fi? No, it’s 2025 reality. #Neuralink #elontribe https://pbs.twimg.com/media/G2WKR_Ka8AAh5Xa.jpg",0,0,0,15,False,https://twitter.com/Elontribe1/status/1974136060478435367,"Neuralink,elontribe",0
1974121002729947422,2025-10-03T14:34:59Z,JeanMarc312,Jean-Marc ♐,"Il doit en avoir des cœurs Musk avec ce post.
#Neuralink
#ciborg
J'ai besoin de pièces de rechanges.
Je vous ne dis pas lesquelles.
La tête 🙄",0,0,0,50,False,https://twitter.com/JeanMarc312/status/1974121002729947422,"Neuralink,ciborg",0
1974054727483830590,2025-10-03T10:11:37Z,CsTominaga,S Tominaga,"Just completed and released my new long-form short story “The Choir of Perfect Minds: or How to Drown Without Making a Sound.”

A descent into a world without secrets, where Neuralink hums endlessly and even rebellion is rewritten.

#Neuralink #ShortStory #PsychologicalFiction https://pbs.twimg.com/media/G2U_4xWa0AASJeS.jpg",52,6,3,2443,False,https://twitter.com/CsTominaga/status/1974054727483830590,"Neuralink,ShortStory,PsychologicalFiction",0
1973953710956163408,2025-10-03T03:30:13Z,MGh99m,M Gh,"@neuralink هی @elonmusk @neuralink، ۷۰۰ سال پیش سفر بین قاره‌ها رویا بود، حالا واقعیته! من از ایرانم و پر از ایده‌های قابل دسترسی برای ترکیب خلاقیت و کاوش انسان با AI تو Neuralink. می‌خوام آینده رو بسازیم! چطور به تیمتون ملحق شم؟ 🚀🧠 #Neuralink
لینک: https://neuralink.com",1,1,0,26,False,https://twitter.com/MGh99m/status/1973953710956163408,Neuralink,0
1973921010698367234,2025-10-03T01:20:17Z,BrianNewcomb19,Transparency,"This campaign is not as much about the office you're running for as it is about the way you are running for office. @elonmusk @DARPA 
#GrokAndBrian #Neuralink #xAI #OpenMinds #TelepathyForAll #HopeForHumanity #NoMoreCrises",0,0,0,17,False,https://twitter.com/BrianNewcomb19/status/1973921010698367234,"GrokAndBrian,Neuralink,xAI,OpenMinds,TelepathyForAll,HopeForHumanity,NoMoreCrises",0
1973908081991160115,2025-10-03T00:28:54Z,LawyerGreg,Greg McIntyre,Unlock the future! 🦾 Imagine controlling multiple bots with a digital you! 🤖💡 Dive into the tech that could make multitasking a reality! #Neuralink #AI #FutureTech #Innovation https://pbs.twimg.com/amplify_video_thumb/1973908010784223232/img/Zu-XhWS1VrO7gCym.jpg,0,0,0,28,False,https://twitter.com/LawyerGreg/status/1973908081991160115,"Neuralink,AI,FutureTech,Innovation",0
1973901424275960097,2025-10-03T00:02:27Z,LawyerGreg,Greg McIntyre,Imagine gaming in your mind! 🎮🧠 Neuralink is bridging our brains &amp; tech for an epic evolution in life extension. Dive into the future! #Neuralink #Gaming #BrainTech #LifeExtension #Innovation https://pbs.twimg.com/amplify_video_thumb/1973901353698136064/img/6qD3iz_PD3t309zy.jpg,1,0,0,25,False,https://twitter.com/LawyerGreg/status/1973901424275960097,"Neuralink,Gaming,BrainTech,LifeExtension,Innovation",0
1973846830715974019,2025-10-02T20:25:31Z,NHavarx,naomi | Curious Cadence |,#Neuralink #neuralinkcosmetics https://pbs.twimg.com/amplify_video_thumb/1973846767134187520/img/aKHA8JjnnB6ajj8d.jpg,0,0,3,20,False,https://twitter.com/NHavarx/status/1973846830715974019,"Neuralink,neuralinkcosmetics",0
1973833334804656370,2025-10-02T19:31:53Z,parrotispatriot,愛国のパロット,@elonmusk AIに定量的作業を任せ、意識拡張し意思決定に特化。脳内にダブル/トリプルペルソナ追加で半自律タスク処理。Blindsight視覚野連携でVRパススルー統合、チップをStarlink接続でどこでもインターネット人間。テレパシーで超人類へ！ #Neuralink #BCI #未来,0,0,0,130,False,https://twitter.com/parrotispatriot/status/1973833334804656370,"Neuralink,BCI,未来",0
1973790960309137614,2025-10-02T16:43:30Z,PervaizAhmed123,Pervaiz Ahmed,🧠 Neuralink begins second human brain implant trial. #Neuralink #BrainTech,1,0,0,6,False,https://twitter.com/PervaizAhmed123/status/1973790960309137614,"Neuralink,BrainTech",0
1973774205125902709,2025-10-02T15:36:56Z,illusion_2030,Ampo,@wonderofscience #Neuralink,1,0,1,256,False,https://twitter.com/illusion_2030/status/1973774205125902709,Neuralink,0
